ENMARCHAContent,ENMARCHAProject,ENMARCHAProjectId,ENMARCHAReceiver,ENMARCHASender,ENMARCHAStatus,Title
Content 1,Project 1,1,pharus\alberto.diaz,pharus\alberto.diaz,Search,Search 1
Content 2,Project 1,1,pharus\alberto.diaz,pharus\alberto.diaz,Search,Search 2
Content 3,Project 1,1,pharus\alberto.diaz,pharus\alberto.diaz,Search,Search 3
Content 4,Project 4,4,pharus\alberto.diaz,pharus\alberto.diaz,Search,Search 4
Content 5,Project 5,5,pharus\alberto.diaz,pharus\alberto.diaz,Search,Search 5
Content 6,Project 5,5,pharus\alberto.diaz,pharus\alberto.diaz,Search,Search 6
Content 7,Project 7,7,pharus\alberto.diaz,pharus\alberto.diaz,Search,Production 7
Content 8,Project 8,8,pharus\alberto.diaz,pharus\alberto.diaz,Search,Production 8
Content 9,Project 8,8,pharus\alberto.diaz,pharus\alberto.diaz,Search,Production 9
Content 10,Project 10,10,pharus\alberto.diaz,pharus\alberto.diaz,Search,Production 10
Content 11,Project 11,11,pharus\alberto.diaz,pharus\alberto.diaz,Search,Production 11
Content 12,Project 12,12,pharus\alberto.diaz,pharus\alberto.diaz,Search,Production 12
Content 13,Project 13,13,pharus\alberto.diaz,pharus\alberto.diaz,Search,Production 13
Content 14,Project 14,14,pharus\alberto.diaz,pharus\alberto.diaz,Search,Production 14
