ENMARCHAProject,ENMARCHAProjectId,Title,ENMARCHAType,ENMARCHAUser
Project 1,1,Favorite 1,Search,Pharus\alberto.diaz
Project 2,2,Favorite 2,Search,Pharus\alberto.diaz
Project 3,3,Favorite 3,Search,Pharus\alberto.diaz
Project 3,3,Favorite 4,Search,Pharus\alberto.diaz
Project 3,3,Favorite 5,Search,Pharus\alberto.diaz
Project 3,3,Favorite 6,Search,Pharus\alberto.diaz
Project 4,4,Favorite 7,Production,Pharus\alberto.diaz
Project 5,5,Favorite 8,Production,Pharus\alberto.diaz
Project 6,6,Favorite 9,Production,Pharus\alberto.diaz
Project 6,6,Favorite 10,Production,Pharus\alberto.diaz
Project 6,6,Favorite 11,Production,Pharus\alberto.diaz
Project 6,6,Favorite 12,Production,Pharus\alberto.diaz
